Queryid,Original_Query
1,"with customer_total_return as (select sr_customer_sk as ctr_customer_sk,sr_store_sk as ctr_store_sk,sum(SR_FEE) as ctr_total_return from store_returns,date_dim where sr_returned_date_sk = d_date_sk and d_year =2000 group by sr_customer_sk,sr_store_sk) select c_customer_id from customer_total_return ctr1,store,customer where ctr1.ctr_total_return > (select avg(ctr_total_return)*1.2 from customer_total_return ctr2 where ctr1.ctr_store_sk = ctr2.ctr_store_sk) and s_store_sk = ctr1.ctr_store_sk and s_state = 'TN' and ctr1.ctr_customer_sk = c_customer_sk order by c_customer_id limit 100; "
3,"select dt.d_year,item.i_brand_id brand_id,item.i_brand brand,sum(ss_sales_price) sum_agg from date_dim dt,store_sales,item where dt.d_date_sk = store_sales.ss_sold_date_sk and store_sales.ss_item_sk = item.i_item_sk and item.i_manufact_id = 816 and dt.d_moy=11 group by dt.d_year,item.i_brand,item.i_brand_id order by dt.d_year,sum_agg desc,brand_id limit 100; "
5,"with ssr as (select s_store_id,sum(sales_price) as sales,sum(profit) as profit,sum(return_amt) as returns,sum(net_loss) as profit_loss from ( select ss_store_sk as store_sk,ss_sold_date_sk as date_sk,ss_ext_sales_price as sales_price,ss_net_profit as profit,cast(0 as decimal(7,2)) as return_amt,cast(0 as decimal(7,2)) as net_loss from store_sales union all select sr_store_sk as store_sk,sr_returned_date_sk as date_sk,cast(0 as decimal(7,2)) as sales_price,cast(0 as decimal(7,2)) as profit,sr_return_amt as return_amt,sr_net_loss as net_loss from store_returns ) salesreturns,date_dim,store where date_sk = d_date_sk and d_date between cast('2000-08-19' as date) and (cast('2000-08-19' as date) + interval '14' day) and store_sk = s_store_sk group by s_store_id),csr as (select cp_catalog_page_id,sum(sales_price) as sales,sum(profit) as profit,sum(return_amt) as returns,sum(net_loss) as profit_loss from ( select cs_catalog_page_sk as page_sk,cs_sold_date_sk as date_sk,cs_ext_sales_price as sales_price,cs_net_profit as profit,cast(0 as decimal(7,2)) as return_amt,cast(0 as decimal(7,2)) as net_loss from catalog_sales union all select cr_catalog_page_sk as page_sk,cr_returned_date_sk as date_sk,cast(0 as decimal(7,2)) as sales_price,cast(0 as decimal(7,2)) as profit,cr_return_amount as return_amt,cr_net_loss as net_loss from catalog_returns ) salesreturns,date_dim,catalog_page where date_sk = d_date_sk and d_date between cast('2000-08-19' as date) and (cast('2000-08-19' as date) + interval '14' day) and page_sk = cp_catalog_page_sk group by cp_catalog_page_id),wsr as (select web_site_id,sum(sales_price) as sales,sum(profit) as profit,sum(return_amt) as returns,sum(net_loss) as profit_loss from ( select ws_web_site_sk as wsr_web_site_sk,ws_sold_date_sk as date_sk,ws_ext_sales_price as sales_price,ws_net_profit as profit,cast(0 as decimal(7,2)) as return_amt,cast(0 as decimal(7,2)) as net_loss from web_sales union all select ws_web_site_sk as wsr_web_site_sk,wr_returned_date_sk as date_sk,cast(0 as decimal(7,2)) as sales_price,cast(0 as decimal(7,2)) as profit,wr_return_amt as return_amt,wr_net_loss as net_loss from web_returns left outer join web_sales on ( wr_item_sk = ws_item_sk and wr_order_number = ws_order_number) ) salesreturns,date_dim,web_site where date_sk = d_date_sk and d_date between cast('2000-08-19' as date) and (cast('2000-08-19' as date) + interval '14' day) and wsr_web_site_sk = web_site_sk group by web_site_id) select channel,id,sum(sales) as sales,sum(returns) as returns,sum(profit) as profit from (select 'store channel' as channel,'store' || s_store_id as id,sales,returns,(profit - profit_loss) as profit from ssr union all select 'catalog channel' as channel,'catalog_page' || cp_catalog_page_id as id,sales,returns,(profit - profit_loss) as profit from csr union all select 'web channel' as channel,'web_site' || web_site_id as id,sales,returns,(profit - profit_loss) as profit from wsr ) x group by rollup (channel,id) order by channel,id limit 100; "
6,"select a.ca_state state,count(*) cnt from customer_address a,customer c,store_sales s,date_dim d,item i where a.ca_address_sk = c.c_current_addr_sk and c.c_customer_sk = s.ss_customer_sk and s.ss_sold_date_sk = d.d_date_sk and s.ss_item_sk = i.i_item_sk and d.d_month_seq = (select distinct (d_month_seq) from date_dim where d_year = 2002 and d_moy = 3 ) and i.i_current_price > 1.2 * (select avg(j.i_current_price) from item j where j.i_category = i.i_category) group by a.ca_state having count(*) >= 10 order by cnt,a.ca_state limit 100; "
9,"select case when (select count(*) from store_sales where ss_quantity between 1 and 20) > 1071 then (select avg(ss_ext_tax) from store_sales where ss_quantity between 1 and 20) else (select avg(ss_net_paid_inc_tax) from store_sales where ss_quantity between 1 and 20) end bucket1,case when (select count(*) from store_sales where ss_quantity between 21 and 40) > 39161 then (select avg(ss_ext_tax) from store_sales where ss_quantity between 21 and 40) else (select avg(ss_net_paid_inc_tax) from store_sales where ss_quantity between 21 and 40) end bucket2,case when (select count(*) from store_sales where ss_quantity between 41 and 60) > 29434 then (select avg(ss_ext_tax) from store_sales where ss_quantity between 41 and 60) else (select avg(ss_net_paid_inc_tax) from store_sales where ss_quantity between 41 and 60) end bucket3,case when (select count(*) from store_sales where ss_quantity between 61 and 80) > 6568 then (select avg(ss_ext_tax) from store_sales where ss_quantity between 61 and 80) else (select avg(ss_net_paid_inc_tax) from store_sales where ss_quantity between 61 and 80) end bucket4,case when (select count(*) from store_sales where ss_quantity between 81 and 100) > 21216 then (select avg(ss_ext_tax) from store_sales where ss_quantity between 81 and 100) else (select avg(ss_net_paid_inc_tax) from store_sales where ss_quantity between 81 and 100) end bucket5 from reason where r_reason_sk = 1 ; "
10,"select cd_gender,cd_marital_status,cd_education_status,count(*) cnt1,cd_purchase_estimate,count(*) cnt2,cd_credit_rating,count(*) cnt3,cd_dep_count,count(*) cnt4,cd_dep_employed_count,count(*) cnt5,cd_dep_college_count,count(*) cnt6 from customer c,customer_address ca,customer_demographics where c.c_current_addr_sk = ca.ca_address_sk and ca_county in ('Fairfield County','Campbell County','Washtenaw County','Escambia County','Cleburne County','United States','1') and cd_demo_sk = c.c_current_cdemo_sk and exists (select * from store_sales,date_dim where c.c_customer_sk = ss_customer_sk and ss_sold_date_sk = d_date_sk and d_year = 1999 and d_moy between 1 and 12) and (exists (select * from web_sales,date_dim where c.c_customer_sk = ws_bill_customer_sk and ws_sold_date_sk = d_date_sk and d_year = 1999 and d_moy between 1 ANd 12) or exists (select * from catalog_sales,date_dim where c.c_customer_sk = cs_ship_customer_sk and cs_sold_date_sk = d_date_sk and d_year = 1999 and d_moy between 1 and 12)) group by cd_gender,cd_marital_status,cd_education_status,cd_purchase_estimate,cd_credit_rating,cd_dep_count,cd_dep_employed_count,cd_dep_college_count order by cd_gender,cd_marital_status,cd_education_status,cd_purchase_estimate,cd_credit_rating,cd_dep_count,cd_dep_employed_count,cd_dep_college_count limit 100; "
12,"select i_item_id,i_item_desc,i_category,i_class,i_current_price,sum(ws_ext_sales_price) as itemrevenue,sum(ws_ext_sales_price)*100/sum(sum(ws_ext_sales_price)) over (partition by i_class) as revenueratio from web_sales,item,date_dim where ws_item_sk = i_item_sk and i_category in ('Men','Books','Electronics') and ws_sold_date_sk = d_date_sk and d_date between cast('2001-06-15' as date) and (cast('2001-06-15' as date) + interval '30' day) group by i_item_id,i_item_desc,i_category,i_class,i_current_price order by i_category,i_class,i_item_id,i_item_desc,revenueratio limit 100; "
15,"select ca_zip,sum(cs_sales_price) from catalog_sales,customer,customer_address,date_dim where cs_bill_customer_sk = c_customer_sk and c_current_addr_sk = ca_address_sk and ( substr(ca_zip,1,5) in ('85669','86197','88274','83405','86475','85392','85460','80348','81792') or ca_state in ('CA','WA','GA') or cs_sales_price > 500) and cs_sold_date_sk = d_date_sk and d_qoy = 2 and d_year = 2001 group by ca_zip order by ca_zip limit 100; "
17,"select i_item_id,i_item_desc,s_state,count(ss_quantity) as store_sales_quantitycount,avg(ss_quantity) as store_sales_quantityave,stddev_samp(ss_quantity) as store_sales_quantitystdev,stddev_samp(ss_quantity) / avg(ss_quantity) as store_sales_quantitycov,count(sr_return_quantity) as store_returns_quantitycount,avg(sr_return_quantity) as store_returns_quantityave,stddev_samp(sr_return_quantity) as store_returns_quantitystdev,stddev_samp(sr_return_quantity) / avg(sr_return_quantity) as store_returns_quantitycov,count(cs_quantity) as catalog_sales_quantitycount,avg(cs_quantity) as catalog_sales_quantityave,stddev_samp(cs_quantity) as catalog_sales_quantitystdev,stddev_samp(cs_quantity) / avg(cs_quantity) as catalog_sales_quantitycov from store_sales,store_returns,catalog_sales,date_dim d1,date_dim d2,date_dim d3,store,item where d1.d_quarter_name = '2001Q1' and d1.d_date_sk = ss_sold_date_sk and i_item_sk = ss_item_sk and s_store_sk = ss_store_sk and ss_customer_sk = sr_customer_sk and ss_item_sk = sr_item_sk and ss_ticket_number = sr_ticket_number and sr_returned_date_sk = d2.d_date_sk and d2.d_quarter_name in ('2001Q1','2001Q2','2001Q3') and sr_customer_sk = cs_bill_customer_sk and sr_item_sk = cs_item_sk and cs_sold_date_sk = d3.d_date_sk and d3.d_quarter_name in ('2001Q1','2001Q2','2001Q3') group by i_item_id,i_item_desc,s_state order by i_item_id,i_item_desc,s_state limit 100;"
18,"select i_item_id,ca_country,ca_state,ca_county,avg( cast(cs_quantity as decimal(12,2))) agg1,avg( cast(cs_list_price as decimal(12,2))) agg2,avg( cast(cs_coupon_amt as decimal(12,2))) agg3,avg( cast(cs_sales_price as decimal(12,2))) agg4,avg( cast(cs_net_profit as decimal(12,2))) agg5,avg( cast(c_birth_year as decimal(12,2))) agg6,avg( cast(cd1.cd_dep_count as decimal(12,2))) agg7 from catalog_sales,customer_demographics cd1,customer_demographics cd2,customer,customer_address,date_dim,item where cs_sold_date_sk = d_date_sk and cs_item_sk = i_item_sk and cs_bill_cdemo_sk = cd1.cd_demo_sk and cs_bill_customer_sk = c_customer_sk and cd1.cd_gender = 'F' and cd1.cd_education_status = 'Primary' and c_current_cdemo_sk = cd2.cd_demo_sk and c_current_addr_sk = ca_address_sk and c_birth_month in (1,3,7,11,10,4) and d_year = 2001 and ca_state in ('AL','MO','TN','GA','MT','IN','CA') group by rollup (i_item_id,ca_country,ca_state,ca_county) order by ca_country,ca_state,ca_county,i_item_id limit 100; "
19,"select i_brand_id brand_id,i_brand brand,i_manufact_id,i_manufact,sum(ss_ext_sales_price) ext_price from date_dim,store_sales,item,customer,customer_address,store where d_date_sk = ss_sold_date_sk and ss_item_sk = i_item_sk and i_manager_id=14 and d_moy=11 and d_year=2002 and ss_customer_sk = c_customer_sk and c_current_addr_sk = ca_address_sk and substr(ca_zip,1,5) <> substr(s_zip,1,5) and ss_store_sk = s_store_sk group by i_brand,i_brand_id,i_manufact_id,i_manufact order by ext_price desc,i_brand,i_brand_id,i_manufact_id,i_manufact limit 100 ; "
20,"select i_item_id,i_item_desc,i_category,i_class,i_current_price,sum(cs_ext_sales_price) as itemrevenue,sum(cs_ext_sales_price)*100/sum(sum(cs_ext_sales_price)) over (partition by i_class) as revenueratio from catalog_sales,item,date_dim where cs_item_sk = i_item_sk and i_category in ('Books','Music','Sports') and cs_sold_date_sk = d_date_sk and d_date between cast('2002-06-18' as date) and (cast('2002-06-18' as date) + interval '30' day) group by i_item_id,i_item_desc,i_category,i_class,i_current_price order by i_category,i_class,i_item_id,i_item_desc,revenueratio limit 100; "
21,"select * from(select w_warehouse_name,i_item_id,sum(case when (cast(d_date as date) < cast ('1999-06-22' as date)) then inv_quantity_on_hand else 0 end) as inv_before,sum(case when (cast(d_date as date) >= cast ('1999-06-22' as date)) then inv_quantity_on_hand else 0 end) as inv_after from inventory,warehouse,item,date_dim where i_current_price between 0.99 and 1.49 and i_item_sk = inv_item_sk and inv_warehouse_sk = w_warehouse_sk and inv_date_sk = d_date_sk and d_date between (cast ('1999-06-22' as date) - interval '30' day) and (cast ('1999-06-22' as date) + interval '30' day) group by w_warehouse_name,i_item_id) x where (case when inv_before > 0 then inv_after / inv_before else null end) between 2.0/3.0 and 3.0/2.0 order by w_warehouse_name,i_item_id limit 100; "
22,"select i_product_name,i_brand,i_class,i_category,avg(inv_quantity_on_hand) qoh from inventory,date_dim,item where inv_date_sk = d_date_sk and inv_item_sk = i_item_sk and d_month_seq between 1200 and 1200 + 11 group by rollup( i_product_name,i_brand,i_class,i_category ) order by qoh,i_product_name,i_brand,i_class,i_category limit 100;"
25,"select i_item_id,i_item_desc,s_store_id,s_store_name,max(ss_net_profit) as store_sales_profit,max(sr_net_loss) as store_returns_loss,max(cs_net_profit) as catalog_sales_profit from store_sales,store_returns,catalog_sales,date_dim d1,date_dim d2,date_dim d3,store,item where d1.d_moy = 4 and d1.d_year = 1999 and d1.d_date_sk = ss_sold_date_sk and i_item_sk = ss_item_sk and s_store_sk = ss_store_sk and ss_customer_sk = sr_customer_sk and ss_item_sk = sr_item_sk and ss_ticket_number = sr_ticket_number and sr_returned_date_sk = d2.d_date_sk and d2.d_moy between 4 and 10 and d2.d_year = 1999 and sr_customer_sk = cs_bill_customer_sk and sr_item_sk = cs_item_sk and cs_sold_date_sk = d3.d_date_sk and d3.d_moy between 4 and 10 and d3.d_year = 1999 group by i_item_id,i_item_desc,s_store_id,s_store_name order by i_item_id,i_item_desc,s_store_id,s_store_name limit 100; "
26,"select i_item_id,avg(cs_quantity) agg1,avg(cs_list_price) agg2,avg(cs_coupon_amt) agg3,avg(cs_sales_price) agg4 from catalog_sales,customer_demographics,date_dim,item,promotion where cs_sold_date_sk = d_date_sk and cs_item_sk = i_item_sk and cs_bill_cdemo_sk = cd_demo_sk and cs_promo_sk = p_promo_sk and cd_gender = 'M' and cd_marital_status = 'W' and cd_education_status = 'Unknown' and (p_channel_email = 'N' or p_channel_event = 'N') and d_year = 2002 group by i_item_id order by i_item_id limit 100; "
27,"select i_item_id,s_state,grouping(s_state) g_state,avg(ss_quantity) agg1,avg(ss_list_price) agg2,avg(ss_coupon_amt) agg3,avg(ss_sales_price) agg4 from store_sales,customer_demographics,date_dim,store,item where ss_sold_date_sk = d_date_sk and ss_item_sk = i_item_sk and ss_store_sk = s_store_sk and ss_cdemo_sk = cd_demo_sk and cd_gender = 'M' and cd_marital_status = 'W' and cd_education_status = 'Secondary' and d_year = 1999 and s_state in ('TN','TN','TN','TN','TN','TN') group by rollup (i_item_id,s_state) order by i_item_id,s_state limit 100;"
28,"select * from ( select avg(ss_list_price) B1_LP,count(ss_list_price) B1_CNT,count(distinct ss_list_price) B1_CNTD from store_sales where ss_quantity between 0 and 5 and ( ss_list_price between 107 and 107 + 10 or ss_coupon_amt between 1319 and 1319 + 1000 or ss_wholesale_cost between 60 and 60 + 20 ) ) B1,( select avg(ss_list_price) B2_LP,count(ss_list_price) B2_CNT,count(distinct ss_list_price) B2_CNTD from store_sales where ss_quantity between 6 and 10 and ( ss_list_price between 23 and 23 + 10 or ss_coupon_amt between 825 and 825 + 1000 or ss_wholesale_cost between 43 and 43 + 20 ) ) B2,( select avg(ss_list_price) B3_LP,count(ss_list_price) B3_CNT,count(distinct ss_list_price) B3_CNTD from store_sales where ss_quantity between 11 and 15 and ( ss_list_price between 74 and 74 + 10 or ss_coupon_amt between 4381 and 4381 + 1000 or ss_wholesale_cost between 57 and 57 + 20 ) ) B3,( select avg(ss_list_price) B4_LP,count(ss_list_price) B4_CNT,count(distinct ss_list_price) B4_CNTD from store_sales where ss_quantity between 16 and 20 and ( ss_list_price between 89 and 89 + 10 or ss_coupon_amt between 3117 and 3117 + 1000 or ss_wholesale_cost between 68 and 68 + 20 ) ) B4,( select avg(ss_list_price) B5_LP,count(ss_list_price) B5_CNT,count(distinct ss_list_price) B5_CNTD from store_sales where ss_quantity between 21 and 25 and ( ss_list_price between 58 and 58 + 10 or ss_coupon_amt between 9402 and 9402 + 1000 or ss_wholesale_cost between 38 and 38 + 20 ) ) B5,( select avg(ss_list_price) B6_LP,count(ss_list_price) B6_CNT,count(distinct ss_list_price) B6_CNTD from store_sales where ss_quantity between 26 and 30 and ( ss_list_price between 64 and 64 + 10 or ss_coupon_amt between 5792 and 5792 + 1000 or ss_wholesale_cost between 73 and 73 + 20 ) ) B6 limit 100;"
30,"WITH customer_total_return AS (SELECT wr_returning_customer_sk AS ctr_customer_sk,ca_state AS ctr_state,Sum(wr_return_amt) AS ctr_total_return FROM web_returns,date_dim,customer_address WHERE wr_returned_date_sk = d_date_sk AND d_year = 2000 AND wr_returning_addr_sk = ca_address_sk GROUP BY wr_returning_customer_sk,ca_state) SELECT c_customer_id,c_salutation,c_first_name,c_last_name,c_preferred_cust_flag,c_birth_day,c_birth_month,c_birth_year,c_birth_country,c_login,c_email_address,c_last_review_date,ctr_total_return FROM customer_total_return ctr1,customer_address,customer WHERE ctr1.ctr_total_return > (SELECT Avg(ctr_total_return) * 1.2 FROM customer_total_return ctr2 WHERE ctr1.ctr_state = ctr2.ctr_state) AND ca_address_sk = c_current_addr_sk AND ca_state = 'IN' AND ctr1.ctr_customer_sk = c_customer_sk ORDER BY c_customer_id,c_salutation,c_first_name,c_last_name,c_preferred_cust_flag,c_birth_day,c_birth_month,c_birth_year,c_birth_country,c_login,c_email_address,c_last_review_date,ctr_total_return LIMIT 100; "
31,"with ss as ( select ca_county,d_qoy,d_year,sum(ss_ext_sales_price) as store_sales from store_sales,date_dim,customer_address where ss_sold_date_sk = d_date_sk and ss_addr_sk = ca_address_sk group by ca_county,d_qoy,d_year ),ws as ( select ca_county,d_qoy,d_year,sum(ws_ext_sales_price) as web_sales from web_sales,date_dim,customer_address where ws_sold_date_sk = d_date_sk and ws_bill_addr_sk = ca_address_sk group by ca_county,d_qoy,d_year ) select ss1.ca_county,ss1.d_year,ws2.web_sales / ws1.web_sales web_q1_q2_increase,ss2.store_sales / ss1.store_sales store_q1_q2_increase,ws3.web_sales / ws2.web_sales web_q2_q3_increase,ss3.store_sales / ss2.store_sales store_q2_q3_increase from ss ss1,ss ss2,ss ss3,ws ws1,ws ws2,ws ws3 where ss1.d_qoy = 1 and ss1.d_year = 1999 and ss1.ca_county = ss2.ca_county and ss2.d_qoy = 2 and ss2.d_year = 1999 and ss2.ca_county = ss3.ca_county and ss3.d_qoy = 3 and ss3.d_year = 1999 and ss1.ca_county = ws1.ca_county and ws1.d_qoy = 1 and ws1.d_year = 1999 and ws1.ca_county = ws2.ca_county and ws2.d_qoy = 2 and ws2.d_year = 1999 and ws1.ca_county = ws3.ca_county and ws3.d_qoy = 3 and ws3.d_year = 1999 and case when ws1.web_sales > 0 then ws2.web_sales / ws1.web_sales else null end > case when ss1.store_sales > 0 then ss2.store_sales / ss1.store_sales else null end and case when ws2.web_sales > 0 then ws3.web_sales / ws2.web_sales else null end > case when ss2.store_sales > 0 then ss3.store_sales / ss2.store_sales else null end order by store_q2_q3_increase;"
33,"with ss as ( select i_manufact_id,sum(ss_ext_sales_price) total_sales from store_sales,date_dim,customer_address,item where i_manufact_id in (select i_manufact_id from item where i_category in ('Books')) and ss_item_sk = i_item_sk and ss_sold_date_sk = d_date_sk and d_year = 2001 and d_moy = 3 and ss_addr_sk = ca_address_sk and ca_gmt_offset = -5 group by i_manufact_id),cs as ( select i_manufact_id,sum(cs_ext_sales_price) total_sales from catalog_sales,date_dim,customer_address,item where i_manufact_id in (select i_manufact_id from item where i_category in ('Books')) and cs_item_sk = i_item_sk and cs_sold_date_sk = d_date_sk and d_year = 2001 and d_moy = 3 and cs_bill_addr_sk = ca_address_sk and ca_gmt_offset = -5 group by i_manufact_id),ws as ( select i_manufact_id,sum(ws_ext_sales_price) total_sales from web_sales,date_dim,customer_address,item where i_manufact_id in (select i_manufact_id from item where i_category in ('Books')) and ws_item_sk = i_item_sk and ws_sold_date_sk = d_date_sk and d_year = 2001 and d_moy = 3 and ws_bill_addr_sk = ca_address_sk and ca_gmt_offset = -5 group by i_manufact_id) select i_manufact_id,sum(total_sales) total_sales from (select * from ss union all select * from cs union all select * from ws) tmp1 group by i_manufact_id order by total_sales limit 100; "
34,"select c_last_name,c_first_name,c_salutation,c_preferred_cust_flag,ss_ticket_number,cnt from (select ss_ticket_number,ss_customer_sk,count(*) cnt from store_sales,date_dim,store,household_demographics where store_sales.ss_sold_date_sk = date_dim.d_date_sk and store_sales.ss_store_sk = store.s_store_sk and store_sales.ss_hdemo_sk = household_demographics.hd_demo_sk and (date_dim.d_dom between 1 and 3 or date_dim.d_dom between 25 and 28) and (household_demographics.hd_buy_potential = '1001-5000' or household_demographics.hd_buy_potential = '0-500') and household_demographics.hd_vehicle_count > 0 and (case when household_demographics.hd_vehicle_count > 0 then household_demographics.hd_dep_count/ household_demographics.hd_vehicle_count else null end) > 1.2 and date_dim.d_year in (2000,2000+1,2000+2) and store.s_county in ('Williamson County','Williamson County','Williamson County','Williamson County','Williamson County','Williamson County','Williamson County','Williamson County') group by ss_ticket_number,ss_customer_sk) dn,customer where ss_customer_sk = c_customer_sk and cnt between 15 and 20 order by c_last_name,c_first_name,c_salutation,c_preferred_cust_flag desc,ss_ticket_number; "
35,"select ca_state,cd_gender,cd_marital_status,cd_dep_count,count(*) cnt1,avg(cd_dep_count),stddev_samp(cd_dep_count),sum(cd_dep_count),cd_dep_employed_count,count(*) cnt2,avg(cd_dep_employed_count),stddev_samp(cd_dep_employed_count),sum(cd_dep_employed_count),cd_dep_college_count,count(*) cnt3,avg(cd_dep_college_count),stddev_samp(cd_dep_college_count),sum(cd_dep_college_count) from customer c,customer_address ca,customer_demographics where c.c_current_addr_sk = ca.ca_address_sk and cd_demo_sk = c.c_current_cdemo_sk and exists (select * from store_sales,date_dim where c.c_customer_sk = ss_customer_sk and ss_sold_date_sk = d_date_sk and d_year = 1999 and d_qoy < 4) and (exists (select * from web_sales,date_dim where c.c_customer_sk = ws_bill_customer_sk and ws_sold_date_sk = d_date_sk and d_year = 1999 and d_qoy < 4) or exists (select * from catalog_sales,date_dim where c.c_customer_sk = cs_ship_customer_sk and cs_sold_date_sk = d_date_sk and d_year = 1999 and d_qoy < 4)) group by ca_state,cd_gender,cd_marital_status,cd_dep_count,cd_dep_employed_count,cd_dep_college_count order by ca_state,cd_gender,cd_marital_status,cd_dep_count,cd_dep_employed_count,cd_dep_college_count limit 100; "
37,"select i_item_id,i_item_desc,i_current_price from item,inventory,date_dim,catalog_sales where i_current_price between 29 and 29 + 30 and inv_item_sk = i_item_sk and d_date_sk=inv_date_sk and d_date between cast('2002-03-29' as date) and (cast('2002-03-29' as date) + interval '60' day) and i_manufact_id in (393,174,251,445) and inv_quantity_on_hand between 100 and 500 and cs_item_sk = i_item_sk group by i_item_id,i_item_desc,i_current_price order by i_item_id limit 100; "
40,"select w_state,i_item_id,sum( case when ( cast(d_date as date) < cast ('2001-05-02' as date) ) then cs_sales_price - coalesce(cr_refunded_cash,0) else 0 end ) as sales_before,sum( case when ( cast(d_date as date) >= cast ('2001-05-02' as date) ) then cs_sales_price - coalesce(cr_refunded_cash,0) else 0 end ) as sales_after from catalog_sales left outer join catalog_returns on ( cs_order_number = cr_order_number and cs_item_sk = cr_item_sk ),warehouse,item,date_dim where i_current_price between 0.99 and 1.49 and i_item_sk = cs_item_sk and cs_warehouse_sk = w_warehouse_sk and cs_sold_date_sk = d_date_sk and d_date between (cast ('2001-05-02' as date) - interval '30' day) and (cast ('2001-05-02' as date) + interval '30' day) group by w_state,i_item_id order by w_state,i_item_id limit 100;"
41,select distinct(i_product_name) from item i1 where i_manufact_id between 704 and 704 + 40 and ( select count(*) as item_cnt from item where ( i_manufact = i1.i_manufact and ( ( i_category = 'Women' and ( i_color = 'forest' or i_color = 'lime' ) and ( i_units = 'Pallet' or i_units = 'Pound' ) and ( i_size = 'economy' or i_size = 'small' ) ) or ( i_category = 'Women' and ( i_color = 'navy' or i_color = 'slate' ) and ( i_units = 'Gross' or i_units = 'Bunch' ) and ( i_size = 'extra large' or i_size = 'petite' ) ) or ( i_category = 'Men' and ( i_color = 'powder' or i_color = 'sky' ) and ( i_units = 'Dozen' or i_units = 'Lb' ) and ( i_size = 'N/A' or i_size = 'large' ) ) or ( i_category = 'Men' and ( i_color = 'maroon' or i_color = 'smoke' ) and ( i_units = 'Ounce' or i_units = 'Case' ) and ( i_size = 'economy' or i_size = 'small' ) ) ) ) or ( i_manufact = i1.i_manufact and ( ( i_category = 'Women' and ( i_color = 'dark' or i_color = 'aquamarine' ) and ( i_units = 'Ton' or i_units = 'Tbl' ) and ( i_size = 'economy' or i_size = 'small' ) ) or ( i_category = 'Women' and ( i_color = 'frosted' or i_color = 'plum' ) and ( i_units = 'Dram' or i_units = 'Box' ) and ( i_size = 'extra large' or i_size = 'petite' ) ) or ( i_category = 'Men' and ( i_color = 'papaya' or i_color = 'peach' ) and ( i_units = 'Bundle' or i_units = 'Carton' ) and ( i_size = 'N/A' or i_size = 'large' ) ) or ( i_category = 'Men' and ( i_color = 'firebrick' or i_color = 'sienna' ) and ( i_units = 'Cup' or i_units = 'Each' ) and ( i_size = 'economy' or i_size = 'small' ) ) ) ) ) > 0 order by i_product_name limit 100;
42,"select dt.d_year,item.i_category_id,item.i_category,sum(ss_ext_sales_price) from date_dim dt,store_sales,item where dt.d_date_sk = store_sales.ss_sold_date_sk and store_sales.ss_item_sk = item.i_item_sk and item.i_manager_id = 1 and dt.d_moy=11 and dt.d_year=1998 group by dt.d_year,item.i_category_id,item.i_category order by sum(ss_ext_sales_price) desc,dt.d_year,item.i_category_id,item.i_category limit 100 ; "
43,"select s_store_name,s_store_id,sum(case when (d_day_name='Sunday') then ss_sales_price else null end) sun_sales,sum(case when (d_day_name='Monday') then ss_sales_price else null end) mon_sales,sum(case when (d_day_name='Tuesday') then ss_sales_price else null end) tue_sales,sum(case when (d_day_name='Wednesday') then ss_sales_price else null end) wed_sales,sum(case when (d_day_name='Thursday') then ss_sales_price else null end) thu_sales,sum(case when (d_day_name='Friday') then ss_sales_price else null end) fri_sales,sum(case when (d_day_name='Saturday') then ss_sales_price else null end) sat_sales from date_dim,store_sales,store where d_date_sk = ss_sold_date_sk and s_store_sk = ss_store_sk and s_gmt_offset = -5 and d_year = 2000 group by s_store_name,s_store_id order by s_store_name,s_store_id,sun_sales,mon_sales,tue_sales,wed_sales,thu_sales,fri_sales,sat_sales limit 100; "
44,"select asceding.rnk,i1.i_product_name best_performing,i2.i_product_name worst_performing from(select * from (select item_sk,rank() over (order by rank_col asc) rnk from (select ss_item_sk item_sk,avg(ss_net_profit) rank_col from store_sales ss1 where ss_store_sk = 4 group by ss_item_sk having avg(ss_net_profit) > 0.9*(select avg(ss_net_profit) rank_col from store_sales where ss_store_sk = 4 and ss_hdemo_sk is not null group by ss_store_sk))V1)V11 where rnk < 11) asceding,(select * from (select item_sk,rank() over (order by rank_col desc) rnk from (select ss_item_sk item_sk,avg(ss_net_profit) rank_col from store_sales ss1 where ss_store_sk = 4 group by ss_item_sk having avg(ss_net_profit) > 0.9*(select avg(ss_net_profit) rank_col from store_sales where ss_store_sk = 4 and ss_hdemo_sk is not null group by ss_store_sk))V2)V21 where rnk < 11) descending,item i1,item i2 where asceding.rnk = descending.rnk and i1.i_item_sk=asceding.item_sk and i2.i_item_sk=descending.item_sk order by asceding.rnk limit 100; "
45,"select ca_zip,ca_city,sum(ws_sales_price) from web_sales,customer,customer_address,date_dim,item where ws_bill_customer_sk = c_customer_sk and c_current_addr_sk = ca_address_sk and ws_item_sk = i_item_sk and ( substr(ca_zip,1,5) in ('85669','86197','88274','83405','86475','85392','85460','80348','81792') or i_item_id in (select i_item_id from item where i_item_sk in (2,3,5,7,11,13,17,19,23,29) ) ) and ws_sold_date_sk = d_date_sk and d_qoy = 1 and d_year = 2000 group by ca_zip,ca_city order by ca_zip,ca_city limit 100; "
46,"select c_last_name,c_first_name,ca_city,bought_city,ss_ticket_number,amt,profit from (select ss_ticket_number,ss_customer_sk,ca_city bought_city,sum(ss_coupon_amt) amt,sum(ss_net_profit) profit from store_sales,date_dim,store,household_demographics,customer_address where store_sales.ss_sold_date_sk = date_dim.d_date_sk and store_sales.ss_store_sk = store.s_store_sk and store_sales.ss_hdemo_sk = household_demographics.hd_demo_sk and store_sales.ss_addr_sk = customer_address.ca_address_sk and (household_demographics.hd_dep_count = 8 or household_demographics.hd_vehicle_count= 0) and date_dim.d_dow in (4,0) and date_dim.d_year in (2000,2000+1,2000+2) and store.s_city in ('Midway','Fairview','Fairview','Midway','Fairview') group by ss_ticket_number,ss_customer_sk,ss_addr_sk,ca_city) dn,customer,customer_address current_addr where ss_customer_sk = c_customer_sk and customer.c_current_addr_sk = current_addr.ca_address_sk and current_addr.ca_city <> bought_city order by c_last_name,c_first_name,ca_city,bought_city,ss_ticket_number limit 100; "
47,"with v1 as( select i_category,i_brand,s_store_name,s_company_name,d_year,d_moy,sum(ss_sales_price) sum_sales,avg(sum(ss_sales_price)) over (partition by i_category,i_brand,s_store_name,s_company_name,d_year) avg_monthly_sales,rank() over (partition by i_category,i_brand,s_store_name,s_company_name order by d_year,d_moy) rn from item,store_sales,date_dim,store where ss_item_sk = i_item_sk and ss_sold_date_sk = d_date_sk and ss_store_sk = s_store_sk and ( d_year = 2000 or ( d_year = 2000-1 and d_moy =12) or ( d_year = 2000+1 and d_moy =1) ) group by i_category,i_brand,s_store_name,s_company_name,d_year,d_moy),v2 as( select v1.s_store_name,v1.s_company_name,v1.d_year,v1.avg_monthly_sales,v1.sum_sales,v1_lag.sum_sales psum,v1_lead.sum_sales nsum from v1,v1 v1_lag,v1 v1_lead where v1.i_category = v1_lag.i_category and v1.i_category = v1_lead.i_category and v1.i_brand = v1_lag.i_brand and v1.i_brand = v1_lead.i_brand and v1.s_store_name = v1_lag.s_store_name and v1.s_store_name = v1_lead.s_store_name and v1.s_company_name = v1_lag.s_company_name and v1.s_company_name = v1_lead.s_company_name and v1.rn = v1_lag.rn + 1 and v1.rn = v1_lead.rn - 1) select * from v2 where d_year = 2000 and avg_monthly_sales > 0 and case when avg_monthly_sales > 0 then abs(sum_sales - avg_monthly_sales) / avg_monthly_sales else null end > 0.1 order by sum_sales - avg_monthly_sales,nsum limit 100; "
48,"select sum (ss_quantity) from store_sales,store,customer_demographics,customer_address,date_dim where s_store_sk = ss_store_sk and ss_sold_date_sk = d_date_sk and d_year = 2001 and ( ( cd_demo_sk = ss_cdemo_sk and cd_marital_status = 'S' and cd_education_status = 'Secondary' and ss_sales_price between 100.00 and 150.00 ) or ( cd_demo_sk = ss_cdemo_sk and cd_marital_status = 'M' and cd_education_status = '2 yr Degree' and ss_sales_price between 50.00 and 100.00 ) or ( cd_demo_sk = ss_cdemo_sk and cd_marital_status = 'D' and cd_education_status = 'Advanced Degree' and ss_sales_price between 150.00 and 200.00 ) ) and ( ( ss_addr_sk = ca_address_sk and ca_country = 'United States' and ca_state in ('ND','NY','SD') and ss_net_profit between 0 and 2000 ) or (ss_addr_sk = ca_address_sk and ca_country = 'United States' and ca_state in ('MD','GA','KS') and ss_net_profit between 150 and 3000 ) or (ss_addr_sk = ca_address_sk and ca_country = 'United States' and ca_state in ('CO','MN','NC') and ss_net_profit between 50 and 25000 ) ) ; "
50,"select s_store_name,s_company_id,s_street_number,s_street_name,s_street_type,s_suite_number,s_city,s_county,s_state,s_zip,sum(case when (sr_returned_date_sk - ss_sold_date_sk <= 30 ) then 1 else 0 end) as ""30 days"",sum(case when (sr_returned_date_sk - ss_sold_date_sk > 30) and (sr_returned_date_sk - ss_sold_date_sk <= 60) then 1 else 0 end ) as ""31-60 days"",sum(case when (sr_returned_date_sk - ss_sold_date_sk > 60) and (sr_returned_date_sk - ss_sold_date_sk <= 90) then 1 else 0 end) as ""61-90 days"",sum(case when (sr_returned_date_sk - ss_sold_date_sk > 90) and (sr_returned_date_sk - ss_sold_date_sk <= 120) then 1 else 0 end) as ""91-120 days"",sum(case when (sr_returned_date_sk - ss_sold_date_sk > 120) then 1 else 0 end) as "">120 days"" from store_sales,store_returns,store,date_dim d1,date_dim d2 where d2.d_year = 2001 and d2.d_moy = 8 and ss_ticket_number = sr_ticket_number and ss_item_sk = sr_item_sk and ss_sold_date_sk = d1.d_date_sk and sr_returned_date_sk = d2.d_date_sk and ss_customer_sk = sr_customer_sk and ss_store_sk = s_store_sk group by s_store_name,s_company_id,s_street_number,s_street_name,s_street_type,s_suite_number,s_city,s_county,s_state,s_zip order by s_store_name,s_company_id,s_street_number,s_street_name,s_street_type,s_suite_number,s_city,s_county,s_state,s_zip limit 100; "
51,"WITH web_v1 as ( select ws_item_sk item_sk,d_date,sum(sum(ws_sales_price)) over (partition by ws_item_sk order by d_date rows between unbounded preceding and current row) cume_sales from web_sales,date_dim where ws_sold_date_sk=d_date_sk and d_month_seq between 1212 and 1212+11 and ws_item_sk is not NULL group by ws_item_sk,d_date),store_v1 as ( select ss_item_sk item_sk,d_date,sum(sum(ss_sales_price)) over (partition by ss_item_sk order by d_date rows between unbounded preceding and current row) cume_sales from store_sales,date_dim where ss_sold_date_sk=d_date_sk and d_month_seq between 1212 and 1212+11 and ss_item_sk is not NULL group by ss_item_sk,d_date) select * from (select item_sk,d_date,web_sales,store_sales,max(web_sales) over (partition by item_sk order by d_date rows between unbounded preceding and current row) web_cumulative,max(store_sales) over (partition by item_sk order by d_date rows between unbounded preceding and current row) store_cumulative from (select case when web.item_sk is not null then web.item_sk else store.item_sk end item_sk,case when web.d_date is not null then web.d_date else store.d_date end d_date,web.cume_sales web_sales,store.cume_sales store_sales from web_v1 web full outer join store_v1 store on (web.item_sk = store.item_sk and web.d_date = store.d_date) )x )y where web_cumulative > store_cumulative order by item_sk,d_date limit 100; "
52,"select dt.d_year,item.i_brand_id brand_id,item.i_brand brand,sum(ss_ext_sales_price) ext_price from date_dim dt,store_sales,item where dt.d_date_sk = store_sales.ss_sold_date_sk and store_sales.ss_item_sk = item.i_item_sk and item.i_manager_id = 1 and dt.d_moy=12 and dt.d_year=2000 group by dt.d_year,item.i_brand,item.i_brand_id order by dt.d_year,ext_price desc,brand_id limit 100 ; "
53,"select * from (select i_manufact_id,sum(ss_sales_price) sum_sales,avg(sum(ss_sales_price)) over (partition by i_manufact_id) avg_quarterly_sales from item,store_sales,date_dim,store where ss_item_sk = i_item_sk and ss_sold_date_sk = d_date_sk and ss_store_sk = s_store_sk and d_month_seq in (1186,1186+1,1186+2,1186+3,1186+4,1186+5,1186+6,1186+7,1186+8,1186+9,1186+10,1186+11) and ((i_category in ('Books','Children','Electronics') and i_class in ('personal','portable','reference','self-help') and i_brand in ('scholaramalgamalg #14','scholaramalgamalg #7','exportiunivamalg #9','scholaramalgamalg #9')) or(i_category in ('Women','Music','Men') and i_class in ('accessories','classical','fragrances','pants') and i_brand in ('amalgimporto #1','edu packscholar #1','exportiimporto #1','importoamalg #1'))) group by i_manufact_id,d_qoy ) tmp1 where case when avg_quarterly_sales > 0 then abs (sum_sales - avg_quarterly_sales)/ avg_quarterly_sales else null end > 0.1 order by avg_quarterly_sales,sum_sales,i_manufact_id limit 100; "
55,"select i_brand_id brand_id,i_brand brand,sum(ss_ext_sales_price) ext_price from date_dim,store_sales,item where d_date_sk = ss_sold_date_sk and ss_item_sk = i_item_sk and i_manager_id=52 and d_moy=11 and d_year=2000 group by i_brand,i_brand_id order by ext_price desc,i_brand_id limit 100 ; "
57,"with v1 as( select i_category,i_brand,cc_name,d_year,d_moy,sum(cs_sales_price) sum_sales,avg(sum(cs_sales_price)) over (partition by i_category,i_brand,cc_name,d_year) avg_monthly_sales,rank() over (partition by i_category,i_brand,cc_name order by d_year,d_moy) rn from item,catalog_sales,date_dim,call_center where cs_item_sk = i_item_sk and cs_sold_date_sk = d_date_sk and cc_call_center_sk= cs_call_center_sk and ( d_year = 2001 or ( d_year = 2001-1 and d_moy =12) or ( d_year = 2001+1 and d_moy =1) ) group by i_category,i_brand,cc_name,d_year,d_moy),v2 as( select v1.i_category,v1.i_brand,v1.cc_name,v1.d_year,v1.avg_monthly_sales,v1.sum_sales,v1_lag.sum_sales psum,v1_lead.sum_sales nsum from v1,v1 v1_lag,v1 v1_lead where v1.i_category = v1_lag.i_category and v1.i_category = v1_lead.i_category and v1.i_brand = v1_lag.i_brand and v1.i_brand = v1_lead.i_brand and v1. cc_name = v1_lag. cc_name and v1. cc_name = v1_lead. cc_name and v1.rn = v1_lag.rn + 1 and v1.rn = v1_lead.rn - 1) select * from v2 where d_year = 2001 and avg_monthly_sales > 0 and case when avg_monthly_sales > 0 then abs(sum_sales - avg_monthly_sales) / avg_monthly_sales else null end > 0.1 order by sum_sales - avg_monthly_sales,avg_monthly_sales limit 100; "
58,"with ss_items as (select i_item_id item_id,sum(ss_ext_sales_price) ss_item_rev from store_sales,item,date_dim where ss_item_sk = i_item_sk and d_date in (select d_date from date_dim where d_week_seq = (select d_week_seq from date_dim where d_date = '1998-11-19')) and ss_sold_date_sk = d_date_sk group by i_item_id),cs_items as (select i_item_id item_id,sum(cs_ext_sales_price) cs_item_rev from catalog_sales,item,date_dim where cs_item_sk = i_item_sk and d_date in (select d_date from date_dim where d_week_seq = (select d_week_seq from date_dim where d_date = '1998-11-19')) and cs_sold_date_sk = d_date_sk group by i_item_id),ws_items as (select i_item_id item_id,sum(ws_ext_sales_price) ws_item_rev from web_sales,item,date_dim where ws_item_sk = i_item_sk and d_date in (select d_date from date_dim where d_week_seq =(select d_week_seq from date_dim where d_date = '1998-11-19')) and ws_sold_date_sk = d_date_sk group by i_item_id) select ss_items.item_id,ss_item_rev,ss_item_rev/((ss_item_rev+cs_item_rev+ws_item_rev)/3) * 100 ss_dev,cs_item_rev,cs_item_rev/((ss_item_rev+cs_item_rev+ws_item_rev)/3) * 100 cs_dev,ws_item_rev,ws_item_rev/((ss_item_rev+cs_item_rev+ws_item_rev)/3) * 100 ws_dev,(ss_item_rev+cs_item_rev+ws_item_rev)/3 average from ss_items,cs_items,ws_items where ss_items.item_id=cs_items.item_id and ss_items.item_id=ws_items.item_id and ss_item_rev between 0.1 * cs_item_rev and 2 * cs_item_rev and ss_item_rev between 0.1 * ws_item_rev and 2 * ws_item_rev and cs_item_rev between 0.1 * ss_item_rev and 2 * ss_item_rev and cs_item_rev between 0.1 * ws_item_rev and 2 * ws_item_rev and ws_item_rev between 0.1 * ss_item_rev and 2 * ss_item_rev and ws_item_rev between 0.1 * cs_item_rev and 2 * cs_item_rev order by item_id,ss_item_rev limit 100; "
59,"with wss as ( select d_week_seq,ss_store_sk,sum( case when (d_day_name = 'Sunday') then ss_sales_price else null end ) sun_sales,sum( case when (d_day_name = 'Monday') then ss_sales_price else null end ) mon_sales,sum( case when (d_day_name = 'Tuesday') then ss_sales_price else null end ) tue_sales,sum( case when (d_day_name = 'Wednesday') then ss_sales_price else null end ) wed_sales,sum( case when (d_day_name = 'Thursday') then ss_sales_price else null end ) thu_sales,sum( case when (d_day_name = 'Friday') then ss_sales_price else null end ) fri_sales,sum( case when (d_day_name = 'Saturday') then ss_sales_price else null end ) sat_sales from store_sales,date_dim where d_date_sk = ss_sold_date_sk group by d_week_seq,ss_store_sk ) select s_store_name1,s_store_id1,d_week_seq1,sun_sales1 / sun_sales2,mon_sales1 / mon_sales2,tue_sales1 / tue_sales2,wed_sales1 / wed_sales2,thu_sales1 / thu_sales2,fri_sales1 / fri_sales2,sat_sales1 / sat_sales2 from ( select s_store_name s_store_name1,wss.d_week_seq d_week_seq1,s_store_id s_store_id1,sun_sales sun_sales1,mon_sales mon_sales1,tue_sales tue_sales1,wed_sales wed_sales1,thu_sales thu_sales1,fri_sales fri_sales1,sat_sales sat_sales1 from wss,store,date_dim d where d.d_week_seq = wss.d_week_seq and ss_store_sk = s_store_sk and d_month_seq between 1195 and 1195 + 11 ) y,( select s_store_name s_store_name2,wss.d_week_seq d_week_seq2,s_store_id s_store_id2,sun_sales sun_sales2,mon_sales mon_sales2,tue_sales tue_sales2,wed_sales wed_sales2,thu_sales thu_sales2,fri_sales fri_sales2,sat_sales sat_sales2 from wss,store,date_dim d where d.d_week_seq = wss.d_week_seq and ss_store_sk = s_store_sk and d_month_seq between 1195 + 12 and 1195 + 23 ) x where s_store_id1 = s_store_id2 and d_week_seq1 = d_week_seq2 -52 order by s_store_name1,s_store_id1,d_week_seq1 limit 100;"
61,"select promotions,total,cast(promotions as decimal(15,4))/cast(total as decimal(15,4))*100 from (select sum(ss_ext_sales_price) promotions from store_sales,store,promotion,date_dim,customer,customer_address,item where ss_sold_date_sk = d_date_sk and ss_store_sk = s_store_sk and ss_promo_sk = p_promo_sk and ss_customer_sk= c_customer_sk and ca_address_sk = c_current_addr_sk and ss_item_sk = i_item_sk and ca_gmt_offset = -5 and i_category = 'Home' and (p_channel_dmail = 'Y' or p_channel_email = 'Y' or p_channel_tv = 'Y') and s_gmt_offset = -5 and d_year = 2000 and d_moy = 12) promotional_sales,(select sum(ss_ext_sales_price) total from store_sales,store,date_dim,customer,customer_address,item where ss_sold_date_sk = d_date_sk and ss_store_sk = s_store_sk and ss_customer_sk= c_customer_sk and ca_address_sk = c_current_addr_sk and ss_item_sk = i_item_sk and ca_gmt_offset = -5 and i_category = 'Home' and s_gmt_offset = -5 and d_year = 2000 and d_moy = 12) all_sales order by promotions,total limit 100; "
62,"select substr(w_warehouse_name,1,20),sm_type,web_name,sum(case when (ws_ship_date_sk - ws_sold_date_sk <= 30 ) then 1 else 0 end) as ""30 days"",sum(case when (ws_ship_date_sk - ws_sold_date_sk > 30) and (ws_ship_date_sk - ws_sold_date_sk <= 60) then 1 else 0 end ) as ""31-60 days"",sum(case when (ws_ship_date_sk - ws_sold_date_sk > 60) and (ws_ship_date_sk - ws_sold_date_sk <= 90) then 1 else 0 end) as ""61-90 days"",sum(case when (ws_ship_date_sk - ws_sold_date_sk > 90) and (ws_ship_date_sk - ws_sold_date_sk <= 120) then 1 else 0 end) as ""91-120 days"",sum(case when (ws_ship_date_sk - ws_sold_date_sk > 120) then 1 else 0 end) as "">120 days"" from web_sales,warehouse,ship_mode,web_site,date_dim where d_month_seq between 1223 and 1223 + 11 and ws_ship_date_sk = d_date_sk and ws_warehouse_sk = w_warehouse_sk and ws_ship_mode_sk = sm_ship_mode_sk and ws_web_site_sk = web_site_sk group by substr(w_warehouse_name,1,20),sm_type,web_name order by substr(w_warehouse_name,1,20),sm_type,web_name limit 100; "
63,"select * from (select i_manager_id,sum(ss_sales_price) sum_sales,avg(sum(ss_sales_price)) over (partition by i_manager_id) avg_monthly_sales from item,store_sales,date_dim,store where ss_item_sk = i_item_sk and ss_sold_date_sk = d_date_sk and ss_store_sk = s_store_sk and d_month_seq in (1222,1222+1,1222+2,1222+3,1222+4,1222+5,1222+6,1222+7,1222+8,1222+9,1222+10,1222+11) and (( i_category in ('Books','Children','Electronics') and i_class in ('personal','portable','reference','self-help') and i_brand in ('scholaramalgamalg #14','scholaramalgamalg #7','exportiunivamalg #9','scholaramalgamalg #9')) or( i_category in ('Women','Music','Men') and i_class in ('accessories','classical','fragrances','pants') and i_brand in ('amalgimporto #1','edu packscholar #1','exportiimporto #1','importoamalg #1'))) group by i_manager_id,d_moy) tmp1 where case when avg_monthly_sales > 0 then abs (sum_sales - avg_monthly_sales) / avg_monthly_sales else null end > 0.1 order by i_manager_id,avg_monthly_sales,sum_sales limit 100; "
65,"select s_store_name,i_item_desc,sc.revenue,i_current_price,i_wholesale_cost,i_brand from store,item,(select ss_store_sk,avg(revenue) as ave from (select ss_store_sk,ss_item_sk,sum(ss_sales_price) as revenue from store_sales,date_dim where ss_sold_date_sk = d_date_sk and d_month_seq between 1176 and 1176+11 group by ss_store_sk,ss_item_sk) sa group by ss_store_sk) sb,(select ss_store_sk,ss_item_sk,sum(ss_sales_price) as revenue from store_sales,date_dim where ss_sold_date_sk = d_date_sk and d_month_seq between 1176 and 1176+11 group by ss_store_sk,ss_item_sk) sc where sb.ss_store_sk = sc.ss_store_sk and sc.revenue <= 0.1 * sb.ave and s_store_sk = sc.ss_store_sk and i_item_sk = sc.ss_item_sk order by s_store_name,i_item_desc limit 100; "
66,"select w_warehouse_name,w_warehouse_sq_ft,w_city,w_county,w_state,w_country,ship_carriers,year,sum(jan_sales) as jan_sales,sum(feb_sales) as feb_sales,sum(mar_sales) as mar_sales,sum(apr_sales) as apr_sales,sum(may_sales) as may_sales,sum(jun_sales) as jun_sales,sum(jul_sales) as jul_sales,sum(aug_sales) as aug_sales,sum(sep_sales) as sep_sales,sum(oct_sales) as oct_sales,sum(nov_sales) as nov_sales,sum(dec_sales) as dec_sales,sum(jan_sales/w_warehouse_sq_ft) as jan_sales_per_sq_foot,sum(feb_sales/w_warehouse_sq_ft) as feb_sales_per_sq_foot,sum(mar_sales/w_warehouse_sq_ft) as mar_sales_per_sq_foot,sum(apr_sales/w_warehouse_sq_ft) as apr_sales_per_sq_foot,sum(may_sales/w_warehouse_sq_ft) as may_sales_per_sq_foot,sum(jun_sales/w_warehouse_sq_ft) as jun_sales_per_sq_foot,sum(jul_sales/w_warehouse_sq_ft) as jul_sales_per_sq_foot,sum(aug_sales/w_warehouse_sq_ft) as aug_sales_per_sq_foot,sum(sep_sales/w_warehouse_sq_ft) as sep_sales_per_sq_foot,sum(oct_sales/w_warehouse_sq_ft) as oct_sales_per_sq_foot,sum(nov_sales/w_warehouse_sq_ft) as nov_sales_per_sq_foot,sum(dec_sales/w_warehouse_sq_ft) as dec_sales_per_sq_foot,sum(jan_net) as jan_net,sum(feb_net) as feb_net,sum(mar_net) as mar_net,sum(apr_net) as apr_net,sum(may_net) as may_net,sum(jun_net) as jun_net,sum(jul_net) as jul_net,sum(aug_net) as aug_net,sum(sep_net) as sep_net,sum(oct_net) as oct_net,sum(nov_net) as nov_net,sum(dec_net) as dec_net from ( select w_warehouse_name,w_warehouse_sq_ft,w_city,w_county,w_state,w_country,'ORIENTAL' || ',' || 'BOXBUNDLES' as ship_carriers,d_year as year,sum(case when d_moy = 1 then ws_ext_sales_price* ws_quantity else 0 end) as jan_sales,sum(case when d_moy = 2 then ws_ext_sales_price* ws_quantity else 0 end) as feb_sales,sum(case when d_moy = 3 then ws_ext_sales_price* ws_quantity else 0 end) as mar_sales,sum(case when d_moy = 4 then ws_ext_sales_price* ws_quantity else 0 end) as apr_sales,sum(case when d_moy = 5 then ws_ext_sales_price* ws_quantity else 0 end) as may_sales,sum(case when d_moy = 6 then ws_ext_sales_price* ws_quantity else 0 end) as jun_sales,sum(case when d_moy = 7 then ws_ext_sales_price* ws_quantity else 0 end) as jul_sales,sum(case when d_moy = 8 then ws_ext_sales_price* ws_quantity else 0 end) as aug_sales,sum(case when d_moy = 9 then ws_ext_sales_price* ws_quantity else 0 end) as sep_sales,sum(case when d_moy = 10 then ws_ext_sales_price* ws_quantity else 0 end) as oct_sales,sum(case when d_moy = 11 then ws_ext_sales_price* ws_quantity else 0 end) as nov_sales,sum(case when d_moy = 12 then ws_ext_sales_price* ws_quantity else 0 end) as dec_sales,sum(case when d_moy = 1 then ws_net_paid_inc_ship * ws_quantity else 0 end) as jan_net,sum(case when d_moy = 2 then ws_net_paid_inc_ship * ws_quantity else 0 end) as feb_net,sum(case when d_moy = 3 then ws_net_paid_inc_ship * ws_quantity else 0 end) as mar_net,sum(case when d_moy = 4 then ws_net_paid_inc_ship * ws_quantity else 0 end) as apr_net,sum(case when d_moy = 5 then ws_net_paid_inc_ship * ws_quantity else 0 end) as may_net,sum(case when d_moy = 6 then ws_net_paid_inc_ship * ws_quantity else 0 end) as jun_net,sum(case when d_moy = 7 then ws_net_paid_inc_ship * ws_quantity else 0 end) as jul_net,sum(case when d_moy = 8 then ws_net_paid_inc_ship * ws_quantity else 0 end) as aug_net,sum(case when d_moy = 9 then ws_net_paid_inc_ship * ws_quantity else 0 end) as sep_net,sum(case when d_moy = 10 then ws_net_paid_inc_ship * ws_quantity else 0 end) as oct_net,sum(case when d_moy = 11 then ws_net_paid_inc_ship * ws_quantity else 0 end) as nov_net,sum(case when d_moy = 12 then ws_net_paid_inc_ship * ws_quantity else 0 end) as dec_net from web_sales,warehouse,date_dim,time_dim,ship_mode where ws_warehouse_sk = w_warehouse_sk and ws_sold_date_sk = d_date_sk and ws_sold_time_sk = t_time_sk and ws_ship_mode_sk = sm_ship_mode_sk and d_year = 2001 and t_time between 42970 and 42970+28800 and sm_carrier in ('ORIENTAL','BOXBUNDLES') group by w_warehouse_name,w_warehouse_sq_ft,w_city,w_county,w_state,w_country,d_year union all select w_warehouse_name,w_warehouse_sq_ft,w_city,w_county,w_state,w_country,'ORIENTAL' || ',' || 'BOXBUNDLES' as ship_carriers,d_year as year,sum(case when d_moy = 1 then cs_ext_list_price* cs_quantity else 0 end) as jan_sales,sum(case when d_moy = 2 then cs_ext_list_price* cs_quantity else 0 end) as feb_sales,sum(case when d_moy = 3 then cs_ext_list_price* cs_quantity else 0 end) as mar_sales,sum(case when d_moy = 4 then cs_ext_list_price* cs_quantity else 0 end) as apr_sales,sum(case when d_moy = 5 then cs_ext_list_price* cs_quantity else 0 end) as may_sales,sum(case when d_moy = 6 then cs_ext_list_price* cs_quantity else 0 end) as jun_sales,sum(case when d_moy = 7 then cs_ext_list_price* cs_quantity else 0 end) as jul_sales,sum(case when d_moy = 8 then cs_ext_list_price* cs_quantity else 0 end) as aug_sales,sum(case when d_moy = 9 then cs_ext_list_price* cs_quantity else 0 end) as sep_sales,sum(case when d_moy = 10 then cs_ext_list_price* cs_quantity else 0 end) as oct_sales,sum(case when d_moy = 11 then cs_ext_list_price* cs_quantity else 0 end) as nov_sales,sum(case when d_moy = 12 then cs_ext_list_price* cs_quantity else 0 end) as dec_sales,sum(case when d_moy = 1 then cs_net_paid * cs_quantity else 0 end) as jan_net,sum(case when d_moy = 2 then cs_net_paid * cs_quantity else 0 end) as feb_net,sum(case when d_moy = 3 then cs_net_paid * cs_quantity else 0 end) as mar_net,sum(case when d_moy = 4 then cs_net_paid * cs_quantity else 0 end) as apr_net,sum(case when d_moy = 5 then cs_net_paid * cs_quantity else 0 end) as may_net,sum(case when d_moy = 6 then cs_net_paid * cs_quantity else 0 end) as jun_net,sum(case when d_moy = 7 then cs_net_paid * cs_quantity else 0 end) as jul_net,sum(case when d_moy = 8 then cs_net_paid * cs_quantity else 0 end) as aug_net,sum(case when d_moy = 9 then cs_net_paid * cs_quantity else 0 end) as sep_net,sum(case when d_moy = 10 then cs_net_paid * cs_quantity else 0 end) as oct_net,sum(case when d_moy = 11 then cs_net_paid * cs_quantity else 0 end) as nov_net,sum(case when d_moy = 12 then cs_net_paid * cs_quantity else 0 end) as dec_net from catalog_sales,warehouse,date_dim,time_dim,ship_mode where cs_warehouse_sk = w_warehouse_sk and cs_sold_date_sk = d_date_sk and cs_sold_time_sk = t_time_sk and cs_ship_mode_sk = sm_ship_mode_sk and d_year = 2001 and t_time between 42970 AND 42970+28800 and sm_carrier in ('ORIENTAL','BOXBUNDLES') group by w_warehouse_name,w_warehouse_sq_ft,w_city,w_county,w_state,w_country,d_year ) x group by w_warehouse_name,w_warehouse_sq_ft,w_city,w_county,w_state,w_country,ship_carriers,year order by w_warehouse_name limit 100; "
67,"select * from ( select i_category,i_class,i_brand,i_product_name,d_year,d_qoy,d_moy,s_store_id,sumsales,rank() over ( partition by i_category order by sumsales desc ) rk from ( select i_category,i_class,i_brand,i_product_name,d_year,d_qoy,d_moy,s_store_id,sum(coalesce(ss_sales_price * ss_quantity,0)) sumsales from store_sales,date_dim,store,item where ss_sold_date_sk = d_date_sk and ss_item_sk = i_item_sk and ss_store_sk = s_store_sk and d_month_seq between 1217 and 1217 + 11 group by rollup( i_category,i_class,i_brand,i_product_name,d_year,d_qoy,d_moy,s_store_id ) ) dw1 ) dw2 where rk <= 100 order by i_category,i_class,i_brand,i_product_name,d_year,d_qoy,d_moy,s_store_id,sumsales,rk limit 100;"
68,"select c_last_name,c_first_name,ca_city,bought_city,ss_ticket_number,extended_price,extended_tax,list_price from (select ss_ticket_number,ss_customer_sk,ca_city bought_city,sum(ss_ext_sales_price) extended_price,sum(ss_ext_list_price) list_price,sum(ss_ext_tax) extended_tax from store_sales,date_dim,store,household_demographics,customer_address where store_sales.ss_sold_date_sk = date_dim.d_date_sk and store_sales.ss_store_sk = store.s_store_sk and store_sales.ss_hdemo_sk = household_demographics.hd_demo_sk and store_sales.ss_addr_sk = customer_address.ca_address_sk and date_dim.d_dom between 1 and 2 and (household_demographics.hd_dep_count = 3 or household_demographics.hd_vehicle_count= 4) and date_dim.d_year in (1998,1998+1,1998+2) and store.s_city in ('Fairview','Midway') group by ss_ticket_number,ss_customer_sk,ss_addr_sk,ca_city) dn,customer,customer_address current_addr where ss_customer_sk = c_customer_sk and customer.c_current_addr_sk = current_addr.ca_address_sk and current_addr.ca_city <> bought_city order by c_last_name,ss_ticket_number limit 100; "
72,"select i_item_desc,w_warehouse_name,d1.d_week_seq,sum(case when p_promo_sk is null then 1 else 0 end) no_promo,sum(case when p_promo_sk is not null then 1 else 0 end) promo,count(*) total_cnt from catalog_sales join inventory on (cs_item_sk = inv_item_sk) join warehouse on (w_warehouse_sk=inv_warehouse_sk) join item on (i_item_sk = cs_item_sk) join customer_demographics on (cs_bill_cdemo_sk = cd_demo_sk) join household_demographics on (cs_bill_hdemo_sk = hd_demo_sk) join date_dim d1 on (cs_sold_date_sk = d1.d_date_sk) join date_dim d2 on (inv_date_sk = d2.d_date_sk) join date_dim d3 on (cs_ship_date_sk = d3.d_date_sk) left outer join promotion on (cs_promo_sk=p_promo_sk) left outer join catalog_returns on (cr_item_sk = cs_item_sk and cr_order_number = cs_order_number) where d1.d_week_seq = d2.d_week_seq and inv_quantity_on_hand < cs_quantity and d3.d_date > d1.d_date and hd_buy_potential = '1001-5000' and d1.d_year=2002 and cd_marital_status='W' group by i_item_desc,w_warehouse_name,d1.d_week_seq order by total_cnt desc,i_item_desc,w_warehouse_name,d_week_seq limit 100; "
73,"select c_last_name,c_first_name,c_salutation,c_preferred_cust_flag,ss_ticket_number,cnt from (select ss_ticket_number,ss_customer_sk,count(*) cnt from store_sales,date_dim,store,household_demographics where store_sales.ss_sold_date_sk = date_dim.d_date_sk and store_sales.ss_store_sk = store.s_store_sk and store_sales.ss_hdemo_sk = household_demographics.hd_demo_sk and date_dim.d_dom between 1 and 2 and (household_demographics.hd_buy_potential = '1001-5000' or household_demographics.hd_buy_potential = '5001-10000') and household_demographics.hd_vehicle_count > 0 and case when household_demographics.hd_vehicle_count > 0 then household_demographics.hd_dep_count/ household_demographics.hd_vehicle_count else null end > 1 and date_dim.d_year in (2000,2000+1,2000+2) and store.s_county in ('Williamson County','Williamson County','Williamson County','Williamson County') group by ss_ticket_number,ss_customer_sk) dj,customer where ss_customer_sk = c_customer_sk and cnt between 1 and 5 order by cnt desc,c_last_name asc; "
78,"with ws as ( select d_year AS ws_sold_year,ws_item_sk,ws_bill_customer_sk ws_customer_sk,sum(ws_quantity) ws_qty,sum(ws_wholesale_cost) ws_wc,sum(ws_sales_price) ws_sp from web_sales left join web_returns on wr_order_number = ws_order_number and ws_item_sk = wr_item_sk join date_dim on ws_sold_date_sk = d_date_sk where wr_order_number is null group by d_year,ws_item_sk,ws_bill_customer_sk ),cs as ( select d_year AS cs_sold_year,cs_item_sk,cs_bill_customer_sk cs_customer_sk,sum(cs_quantity) cs_qty,sum(cs_wholesale_cost) cs_wc,sum(cs_sales_price) cs_sp from catalog_sales left join catalog_returns on cr_order_number = cs_order_number and cs_item_sk = cr_item_sk join date_dim on cs_sold_date_sk = d_date_sk where cr_order_number is null group by d_year,cs_item_sk,cs_bill_customer_sk ),ss as ( select d_year AS ss_sold_year,ss_item_sk,ss_customer_sk,sum(ss_quantity) ss_qty,sum(ss_wholesale_cost) ss_wc,sum(ss_sales_price) ss_sp from store_sales left join store_returns on sr_ticket_number = ss_ticket_number and ss_item_sk = sr_item_sk join date_dim on ss_sold_date_sk = d_date_sk where sr_ticket_number is null group by d_year,ss_item_sk,ss_customer_sk ) select ss_customer_sk,round( ss_qty /(coalesce(ws_qty,0) + coalesce(cs_qty,0)),2 ) ratio,ss_qty store_qty,ss_wc store_wholesale_cost,ss_sp store_sales_price,coalesce(ws_qty,0) + coalesce(cs_qty,0) other_chan_qty,coalesce(ws_wc,0) + coalesce(cs_wc,0) other_chan_wholesale_cost,coalesce(ws_sp,0) + coalesce(cs_sp,0) other_chan_sales_price from ss left join ws on ( ws_sold_year = ss_sold_year and ws_item_sk = ss_item_sk and ws_customer_sk = ss_customer_sk ) left join cs on ( cs_sold_year = ss_sold_year and cs_item_sk = ss_item_sk and cs_customer_sk = ss_customer_sk ) where ( coalesce(ws_qty,0) > 0 or coalesce(cs_qty,0) > 0 ) and ss_sold_year = 1998 order by ss_customer_sk,ss_qty desc,ss_wc desc,ss_sp desc,other_chan_qty,other_chan_wholesale_cost,other_chan_sales_price,ratio limit 100;"
79," select c_last_name,c_first_name,substr(s_city,1,30),ss_ticket_number,amt,profit from (select ss_ticket_number,ss_customer_sk,store.s_city,sum(ss_coupon_amt) amt,sum(ss_net_profit) profit from store_sales,date_dim,store,household_demographics where store_sales.ss_sold_date_sk = date_dim.d_date_sk and store_sales.ss_store_sk = store.s_store_sk and store_sales.ss_hdemo_sk = household_demographics.hd_demo_sk and (household_demographics.hd_dep_count = 7 or household_demographics.hd_vehicle_count > -1) and date_dim.d_dow = 4 and date_dim.d_year in (2000,2000+1,2000+2) and store.s_number_employees between 200 and 295 group by ss_ticket_number,ss_customer_sk,ss_addr_sk,store.s_city) ms,customer where ss_customer_sk = c_customer_sk order by c_last_name,c_first_name,substr(s_city,1,30),profit limit 100; "
81,"with customer_total_return as (select cr_returning_customer_sk as ctr_customer_sk,ca_state as ctr_state,sum(cr_return_amt_inc_tax) as ctr_total_return from catalog_returns,date_dim,customer_address where cr_returned_date_sk = d_date_sk and d_year =2001 and cr_returning_addr_sk = ca_address_sk group by cr_returning_customer_sk,ca_state ) select c_customer_id,c_salutation,c_first_name,c_last_name,ca_street_number,ca_street_name,ca_street_type,ca_suite_number,ca_city,ca_county,ca_state,ca_zip,ca_country,ca_gmt_offset,ca_location_type,ctr_total_return from customer_total_return ctr1,customer_address,customer where ctr1.ctr_total_return > (select avg(ctr_total_return)*1.2 from customer_total_return ctr2 where ctr1.ctr_state = ctr2.ctr_state) and ca_address_sk = c_current_addr_sk and ca_state = 'TN' and ctr1.ctr_customer_sk = c_customer_sk order by c_customer_id,c_salutation,c_first_name,c_last_name,ca_street_number,ca_street_name,ca_street_type,ca_suite_number,ca_city,ca_county,ca_state,ca_zip,ca_country,ca_gmt_offset,ca_location_type,ctr_total_return limit 100; "
83,"with sr_items as (select i_item_id item_id,sum(sr_return_quantity) sr_item_qty from store_returns,item,date_dim where sr_item_sk = i_item_sk and d_date in (select d_date from date_dim where d_week_seq in (select d_week_seq from date_dim where d_date in ('2001-07-13','2001-09-10','2001-11-16','2000-12-14'))) and sr_returned_date_sk = d_date_sk group by i_item_id),cr_items as (select i_item_id item_id,sum(cr_return_quantity) cr_item_qty from catalog_returns,item,date_dim where cr_item_sk = i_item_sk and d_date in (select d_date from date_dim where d_week_seq in (select d_week_seq from date_dim where d_date in ('2001-07-13','2001-09-10','2001-11-16','2000-12-14'))) and cr_returned_date_sk = d_date_sk group by i_item_id),wr_items as (select i_item_id item_id,sum(wr_return_quantity) wr_item_qty from web_returns,item,date_dim where wr_item_sk = i_item_sk and d_date in (select d_date from date_dim where d_week_seq in (select d_week_seq from date_dim where d_date in ('2001-07-13','2001-09-10','2001-11-16','2000-12-14'))) and wr_returned_date_sk = d_date_sk group by i_item_id) select sr_items.item_id,sr_item_qty,sr_item_qty/(sr_item_qty+cr_item_qty+wr_item_qty)/3.0 * 100 sr_dev,cr_item_qty,cr_item_qty/(sr_item_qty+cr_item_qty+wr_item_qty)/3.0 * 100 cr_dev,wr_item_qty,wr_item_qty/(sr_item_qty+cr_item_qty+wr_item_qty)/3.0 * 100 wr_dev,(sr_item_qty+cr_item_qty+wr_item_qty)/3.0 average from sr_items,cr_items,wr_items where sr_items.item_id=cr_items.item_id and sr_items.item_id=wr_items.item_id order by sr_items.item_id,sr_item_qty limit 100; "
84,"select c_customer_id as customer_id,coalesce(c_last_name,'') || ',' || coalesce(c_first_name,'') as customername from customer,customer_address,customer_demographics,household_demographics,income_band,store_returns where ca_city = 'Woodland' and c_current_addr_sk = ca_address_sk and ib_lower_bound >= 60306 and ib_upper_bound <= 60306 + 50000 and ib_income_band_sk = hd_income_band_sk and cd_demo_sk = c_current_cdemo_sk and hd_demo_sk = c_current_hdemo_sk and sr_cdemo_sk = cd_demo_sk order by c_customer_id limit 100;"
86,"select * from ( select sum(ws_net_paid) as total_sum,i_category,i_class,grouping(i_category) + grouping(i_class) as lochierarchy,rank() over ( partition by grouping(i_category) + grouping(i_class),case when grouping(i_class) = 0 then i_category end order by sum(ws_net_paid) desc ) as rank_within_parent from web_sales,date_dim d1,item where d1.d_month_seq between 1186 and 1186 + 11 and d1.d_date_sk = ws_sold_date_sk and i_item_sk = ws_item_sk group by rollup(i_category,i_class) ) as tmp order by lochierarchy desc,case when lochierarchy = 0 then i_category end,rank_within_parent limit 100;"
88,"select * from (select count(*) h8_30_to_9 from store_sales,household_demographics,time_dim,store where ss_sold_time_sk = time_dim.t_time_sk and ss_hdemo_sk = household_demographics.hd_demo_sk and ss_store_sk = s_store_sk and time_dim.t_hour = 8 and time_dim.t_minute >= 30 and ((household_demographics.hd_dep_count = 0 and household_demographics.hd_vehicle_count<=0+2) or (household_demographics.hd_dep_count = -1 and household_demographics.hd_vehicle_count<=-1+2) or (household_demographics.hd_dep_count = 3 and household_demographics.hd_vehicle_count<=3+2)) and store.s_store_name = 'ese') s1,(select count(*) h9_to_9_30 from store_sales,household_demographics,time_dim,store where ss_sold_time_sk = time_dim.t_time_sk and ss_hdemo_sk = household_demographics.hd_demo_sk and ss_store_sk = s_store_sk and time_dim.t_hour = 9 and time_dim.t_minute < 30 and ((household_demographics.hd_dep_count = 0 and household_demographics.hd_vehicle_count<=0+2) or (household_demographics.hd_dep_count = -1 and household_demographics.hd_vehicle_count<=-1+2) or (household_demographics.hd_dep_count = 3 and household_demographics.hd_vehicle_count<=3+2)) and store.s_store_name = 'ese') s2,(select count(*) h9_30_to_10 from store_sales,household_demographics,time_dim,store where ss_sold_time_sk = time_dim.t_time_sk and ss_hdemo_sk = household_demographics.hd_demo_sk and ss_store_sk = s_store_sk and time_dim.t_hour = 9 and time_dim.t_minute >= 30 and ((household_demographics.hd_dep_count = 0 and household_demographics.hd_vehicle_count<=0+2) or (household_demographics.hd_dep_count = -1 and household_demographics.hd_vehicle_count<=-1+2) or (household_demographics.hd_dep_count = 3 and household_demographics.hd_vehicle_count<=3+2)) and store.s_store_name = 'ese') s3,(select count(*) h10_to_10_30 from store_sales,household_demographics,time_dim,store where ss_sold_time_sk = time_dim.t_time_sk and ss_hdemo_sk = household_demographics.hd_demo_sk and ss_store_sk = s_store_sk and time_dim.t_hour = 10 and time_dim.t_minute < 30 and ((household_demographics.hd_dep_count = 0 and household_demographics.hd_vehicle_count<=0+2) or (household_demographics.hd_dep_count = -1 and household_demographics.hd_vehicle_count<=-1+2) or (household_demographics.hd_dep_count = 3 and household_demographics.hd_vehicle_count<=3+2)) and store.s_store_name = 'ese') s4,(select count(*) h10_30_to_11 from store_sales,household_demographics,time_dim,store where ss_sold_time_sk = time_dim.t_time_sk and ss_hdemo_sk = household_demographics.hd_demo_sk and ss_store_sk = s_store_sk and time_dim.t_hour = 10 and time_dim.t_minute >= 30 and ((household_demographics.hd_dep_count = 0 and household_demographics.hd_vehicle_count<=0+2) or (household_demographics.hd_dep_count = -1 and household_demographics.hd_vehicle_count<=-1+2) or (household_demographics.hd_dep_count = 3 and household_demographics.hd_vehicle_count<=3+2)) and store.s_store_name = 'ese') s5,(select count(*) h11_to_11_30 from store_sales,household_demographics,time_dim,store where ss_sold_time_sk = time_dim.t_time_sk and ss_hdemo_sk = household_demographics.hd_demo_sk and ss_store_sk = s_store_sk and time_dim.t_hour = 11 and time_dim.t_minute < 30 and ((household_demographics.hd_dep_count = 0 and household_demographics.hd_vehicle_count<=0+2) or (household_demographics.hd_dep_count = -1 and household_demographics.hd_vehicle_count<=-1+2) or (household_demographics.hd_dep_count = 3 and household_demographics.hd_vehicle_count<=3+2)) and store.s_store_name = 'ese') s6,(select count(*) h11_30_to_12 from store_sales,household_demographics,time_dim,store where ss_sold_time_sk = time_dim.t_time_sk and ss_hdemo_sk = household_demographics.hd_demo_sk and ss_store_sk = s_store_sk and time_dim.t_hour = 11 and time_dim.t_minute >= 30 and ((household_demographics.hd_dep_count = 0 and household_demographics.hd_vehicle_count<=0+2) or (household_demographics.hd_dep_count = -1 and household_demographics.hd_vehicle_count<=-1+2) or (household_demographics.hd_dep_count = 3 and household_demographics.hd_vehicle_count<=3+2)) and store.s_store_name = 'ese') s7,(select count(*) h12_to_12_30 from store_sales,household_demographics,time_dim,store where ss_sold_time_sk = time_dim.t_time_sk and ss_hdemo_sk = household_demographics.hd_demo_sk and ss_store_sk = s_store_sk and time_dim.t_hour = 12 and time_dim.t_minute < 30 and ((household_demographics.hd_dep_count = 0 and household_demographics.hd_vehicle_count<=0+2) or (household_demographics.hd_dep_count = -1 and household_demographics.hd_vehicle_count<=-1+2) or (household_demographics.hd_dep_count = 3 and household_demographics.hd_vehicle_count<=3+2)) and store.s_store_name = 'ese') s8 ; "
89,"select * from( select i_category,i_class,i_brand,s_store_name,s_company_name,d_moy,sum(ss_sales_price) sum_sales,avg(sum(ss_sales_price)) over (partition by i_category,i_brand,s_store_name,s_company_name) avg_monthly_sales from item,store_sales,date_dim,store where ss_item_sk = i_item_sk and ss_sold_date_sk = d_date_sk and ss_store_sk = s_store_sk and d_year in (2001) and ((i_category in ('Books','Children','Electronics') and i_class in ('history','school-uniforms','audio') ) or (i_category in ('Men','Sports','Shoes') and i_class in ('pants','tennis','womens') )) group by i_category,i_class,i_brand,s_store_name,s_company_name,d_moy) tmp1 where case when (avg_monthly_sales <> 0) then (abs(sum_sales - avg_monthly_sales) / avg_monthly_sales) else null end > 0.1 order by sum_sales - avg_monthly_sales,s_store_name limit 100; "
90,"select cast(amc as decimal(15,4))/cast(pmc as decimal(15,4)) am_pm_ratio from ( select count(*) amc from web_sales,household_demographics,time_dim,web_page where ws_sold_time_sk = time_dim.t_time_sk and ws_ship_hdemo_sk = household_demographics.hd_demo_sk and ws_web_page_sk = web_page.wp_web_page_sk and time_dim.t_hour between 12 and 12+1 and household_demographics.hd_dep_count = 6 and web_page.wp_char_count between 5000 and 5200) at,( select count(*) pmc from web_sales,household_demographics,time_dim,web_page where ws_sold_time_sk = time_dim.t_time_sk and ws_ship_hdemo_sk = household_demographics.hd_demo_sk and ws_web_page_sk = web_page.wp_web_page_sk and time_dim.t_hour between 14 and 14+1 and household_demographics.hd_dep_count = 6 and web_page.wp_char_count between 5000 and 5200) pt order by am_pm_ratio limit 100; "
91,"select cc_call_center_id Call_Center,cc_name Call_Center_Name,cc_manager Manager,sum(cr_net_loss) Returns_Loss from call_center,catalog_returns,date_dim,customer,customer_address,customer_demographics,household_demographics where cr_call_center_sk = cc_call_center_sk and cr_returned_date_sk = d_date_sk and cr_returning_customer_sk= c_customer_sk and cd_demo_sk = c_current_cdemo_sk and hd_demo_sk = c_current_hdemo_sk and ca_address_sk = c_current_addr_sk and d_year = 2000 and d_moy = 12 and ( (cd_marital_status = 'M' and cd_education_status = 'Advanced Degree     ') or(cd_marital_status = 'W' and cd_education_status = 'Unnknown')) and hd_buy_potential like 'Unknown%' and ca_gmt_offset = -7 group by cc_call_center_id,cc_name,cc_manager,cd_marital_status,cd_education_status order by sum(cr_net_loss) desc; "
92,"select sum(ws_ext_discount_amt) as ""Excess Discount Amount"" from web_sales,item,date_dim where i_manufact_id = 393 and i_item_sk = ws_item_sk and d_date between '2000-02-01' and (cast('2000-02-01' as date) + interval '90' day) and d_date_sk = ws_sold_date_sk and ws_ext_discount_amt > ( SELECT 1.3 * avg(ws_ext_discount_amt) FROM web_sales,date_dim WHERE ws_item_sk = i_item_sk and d_date between '2000-02-01' and (cast('2000-02-01' as date) + interval '90' day) and d_date_sk = ws_sold_date_sk ) order by sum(ws_ext_discount_amt) limit 100; "
95,"with ws_wh as (select ws1.ws_order_number,ws1.ws_warehouse_sk wh1,ws2.ws_warehouse_sk wh2 from web_sales ws1,web_sales ws2 where ws1.ws_order_number = ws2.ws_order_number and ws1.ws_warehouse_sk <> ws2.ws_warehouse_sk) select count(distinct ws_order_number) as ""order count"",sum(ws_ext_ship_cost) as ""total shipping cost"",sum(ws_net_profit) as ""total net profit"" from web_sales ws1,date_dim,customer_address,web_site where d_date between '2001-4-01' and (cast('2001-4-01' as date) + interval '60' day) and ws1.ws_ship_date_sk = d_date_sk and ws1.ws_ship_addr_sk = ca_address_sk and ca_state = 'VA' and ws1.ws_web_site_sk = web_site_sk and web_company_name = 'pri' and ws1.ws_order_number in (select ws_order_number from ws_wh) and ws1.ws_order_number in (select wr_order_number from web_returns,ws_wh where wr_order_number = ws_wh.ws_order_number) order by count(distinct ws_order_number) limit 100; "
96,"select count(*) from store_sales,household_demographics,time_dim,store where ss_sold_time_sk = time_dim.t_time_sk and ss_hdemo_sk = household_demographics.hd_demo_sk and ss_store_sk = s_store_sk and time_dim.t_hour = 8 and time_dim.t_minute >= 30 and household_demographics.hd_dep_count = 0 and store.s_store_name = 'ese' order by count(*) limit 100; "
98,"select i_item_id,i_item_desc,i_category,i_class,i_current_price,sum(ss_ext_sales_price) as itemrevenue,sum(ss_ext_sales_price)*100/sum(sum(ss_ext_sales_price)) over (partition by i_class) as revenueratio from store_sales,item,date_dim where ss_item_sk = i_item_sk and i_category in ('Men','Sports','Jewelry') and ss_sold_date_sk = d_date_sk and d_date between cast('1999-02-05' as date) and (cast('1999-02-05' as date) + interval '30' day) group by i_item_id,i_item_desc,i_category,i_class,i_current_price order by i_category,i_class,i_item_id,i_item_desc,revenueratio; "
99,"select substr(w_warehouse_name,1,20),sm_type,cc_name,sum(case when (cs_ship_date_sk - cs_sold_date_sk <= 30 ) then 1 else 0 end) as ""30 days"",sum(case when (cs_ship_date_sk - cs_sold_date_sk > 30) and (cs_ship_date_sk - cs_sold_date_sk <= 60) then 1 else 0 end ) as ""31-60 days"",sum(case when (cs_ship_date_sk - cs_sold_date_sk > 60) and (cs_ship_date_sk - cs_sold_date_sk <= 90) then 1 else 0 end) as ""61-90 days"",sum(case when (cs_ship_date_sk - cs_sold_date_sk > 90) and (cs_ship_date_sk - cs_sold_date_sk <= 120) then 1 else 0 end) as ""91-120 days"",sum(case when (cs_ship_date_sk - cs_sold_date_sk > 120) then 1 else 0 end) as "">120 days"" from catalog_sales,warehouse,ship_mode,call_center,date_dim where d_month_seq between 1194 and 1194 + 11 and cs_ship_date_sk = d_date_sk and cs_warehouse_sk = w_warehouse_sk and cs_ship_mode_sk = sm_ship_mode_sk and cs_call_center_sk = cc_call_center_sk group by substr(w_warehouse_name,1,20),sm_type,cc_name order by substr(w_warehouse_name,1,20),sm_type,cc_name limit 100; "
